SurveyID,Purchase,Ideal_Price,Q1,Q2,Q3,Q4,Q5,Q6,Q7,Q8,Q9,Q10,Q11,Q12,Q13,Q14,Q15,Q16,Q17
1,0,58000,4,1,1,3,1,1,1,3,5,2,3,2,1,4,7,7,7
2,1,43000,4,3,4,4,5,5,4,3,6,7,6,7,5,6,2,3,1
3,1,39000,6,3,4,4,3,4,4,6,7,7,4,5,7,7,3,5,2
4,1,45000,5,4,4,6,5,4,6,4,6,6,4,5,7,5,2,1,3
5,1,38000,3,1,5,5,4,3,3,2,4,4,5,6,5,5,2,1,2
6,0,20000,3,2,2,3,1,3,3,1,3,4,1,4,1,4,3,3,2
7,1,29000,4,7,6,6,5,6,6,5,4,1,1,1,1,1,2,2,3
8,1,38000,4,5,1,4,4,7,5,5,7,5,6,7,7,7,4,4,3
9,0,21000,3,2,1,1,2,1,2,2,2,1,3,1,2,2,4,3,4
10,1,40000,5,3,4,3,5,5,5,5,7,6,6,7,7,6,2,3,1
11,1,33000,4,6,5,7,5,7,5,3,5,2,2,1,6,2,2,3,1
12,1,30000,6,5,7,6,6,4,5,5,2,1,4,2,1,2,3,3,4
13,1,35000,5,6,5,5,4,5,6,5,1,2,1,3,1,3,3,1,2
14,0,17000,2,1,2,2,1,3,2,1,2,2,2,1,3,2,3,3,3
15,1,39000,5,6,5,5,3,4,6,2,6,7,6,6,6,7,4,3,2
16,0,19000,2,3,2,3,1,3,1,2,1,2,2,2,1,1,2,5,1
17,0,59000,1,1,1,2,2,1,1,3,6,3,3,3,3,5,7,7,7
18,0,20000,1,1,3,1,1,2,2,1,2,1,2,2,2,2,1,1,2
19,1,32000,4,4,4,6,5,2,6,5,2,1,3,4,3,3,2,2,5
20,0,23000,1,2,3,2,2,1,1,2,1,3,2,2,2,3,4,4,3
21,1,31000,7,6,6,6,5,7,5,5,1,1,4,2,1,4,3,4,1
22,1,30000,6,4,7,4,6,6,6,5,1,4,5,3,1,2,3,3,2
23,1,41000,4,4,4,4,5,4,3,4,7,5,4,7,4,6,2,3,2
24,0,61000,1,3,1,1,1,1,2,2,4,4,4,4,3,3,7,7,6
25,1,40000,2,4,4,4,3,5,5,5,7,6,6,7,5,7,3,2,1
26,0,18000,1,2,2,1,1,1,3,2,5,2,2,2,2,1,3,2,1
27,0,62000,1,2,2,2,1,1,1,1,4,2,3,1,4,3,7,7,7
28,0,62000,1,1,3,1,1,2,1,1,3,2,3,4,1,3,7,7,6
29,0,20000,2,2,2,5,3,3,1,2,1,3,1,3,3,2,3,1,2
30,1,31000,4,4,4,6,5,5,5,5,2,4,3,2,2,3,3,1,3
31,0,18000,1,2,2,1,1,1,1,2,2,1,3,2,5,3,4,3,2
32,0,59000,1,1,2,2,1,1,2,2,3,4,5,4,3,4,6,7,7
33,1,39000,5,6,4,4,4,4,4,3,7,6,6,4,7,7,1,1,2
34,1,32000,5,5,5,4,3,5,5,5,2,3,4,3,2,1,2,2,3
35,1,28000,6,4,4,4,6,6,5,5,2,1,1,3,1,1,3,4,3
36,1,41000,4,6,3,3,5,3,4,4,5,7,6,6,4,6,1,2,3
37,1,31000,3,5,6,4,5,5,5,6,2,1,3,1,1,5,4,1,2
38,0,62000,1,2,1,1,2,1,2,1,5,2,5,3,3,3,7,7,7
39,1,29000,5,7,6,5,3,6,5,5,3,2,3,4,3,2,1,1,3
40,0,19000,1,2,1,1,1,1,3,1,4,1,2,4,2,2,1,2,1
41,1,41000,6,4,4,6,5,3,1,6,5,5,7,5,7,6,2,3,4
42,1,39000,4,4,5,4,3,3,3,4,7,4,5,5,5,5,3,3,3
43,1,39000,4,3,4,4,5,5,2,5,6,4,5,7,4,6,3,3,4
44,0,24000,2,2,2,3,1,3,4,3,4,2,1,3,3,3,4,3,1
45,1,22000,1,2,1,1,2,1,1,1,1,1,4,3,4,2,3,2,4
46,1,39000,3,5,5,4,4,5,4,4,5,3,7,5,7,6,1,4,2
47,1,29000,4,4,6,6,3,6,4,6,1,1,1,2,1,1,3,2,2
48,0,37000,5,5,3,4,4,4,4,3,3,5,7,5,4,5,3,3,4
49,0,21000,1,1,1,1,1,3,1,2,4,2,2,3,3,2,1,4,3
50,1,40000,3,4,4,6,4,4,4,4,6,6,6,5,6,5,1,4,5
51,1,29000,5,6,5,4,3,5,4,5,1,3,1,1,2,1,4,2,1
52,0,20000,1,1,2,1,2,3,1,2,3,1,3,2,2,1,1,3,2
53,0,21000,1,1,1,3,1,1,3,1,1,2,2,2,2,2,2,3,2
54,1,30000,7,5,7,6,6,6,5,5,1,2,2,3,3,2,1,3,2
55,0,19000,2,2,2,1,1,2,3,1,3,2,1,4,4,1,1,2,3
56,1,44000,7,3,3,5,3,3,4,4,6,5,6,6,7,6,2,2,3
57,0,62000,1,1,1,1,1,1,2,3,6,3,3,3,1,1,7,6,7
58,1,29000,6,5,6,6,5,3,4,4,2,1,2,1,1,2,1,2,3
59,1,38000,3,4,3,4,3,5,4,5,6,7,6,7,4,7,3,1,4
60,1,42000,6,5,4,6,4,3,4,4,6,4,4,5,4,7,2,1,4
61,0,58000,1,2,2,1,2,2,3,2,7,4,4,5,3,2,7,7,7
62,0,20000,1,2,2,4,1,2,1,2,2,1,2,2,2,2,3,2,1
63,0,23000,2,1,2,3,3,2,1,2,1,1,4,1,1,2,2,3,5
64,1,29000,5,7,7,4,6,4,6,5,3,2,1,4,2,2,3,1,1
65,0,55000,1,1,1,1,4,2,2,2,3,3,3,3,3,3,7,7,7
66,1,27000,6,5,7,7,4,4,5,6,1,3,4,1,1,3,2,4,3
67,1,34000,6,5,3,6,5,5,5,5,4,4,2,3,4,2,2,4,2
68,1,15000,3,1,2,2,1,1,2,1,2,1,3,1,4,1,2,2,2
69,0,57000,2,1,1,1,1,1,1,2,3,3,3,1,3,7,7,7,6
70,1,29000,7,4,5,6,5,6,6,7,2,5,2,1,3,2,4,3,3
71,0,22000,1,1,1,1,1,1,3,1,3,5,5,3,4,3,3,2,3
72,0,17000,1,1,1,1,3,4,1,2,1,3,1,2,3,1,2,1,4
73,0,19000,2,1,3,1,1,2,1,3,5,1,6,3,4,1,1,2,1
74,1,31000,5,4,4,4,5,6,6,4,1,3,1,3,3,4,2,3,2
75,0,60000,2,1,1,1,3,1,1,1,3,1,3,6,4,1,7,7,7
76,0,22000,1,1,3,2,3,1,3,2,1,1,2,3,3,3,2,2,5
77,0,16000,3,1,1,3,1,1,1,2,2,3,4,3,1,2,3,1,4
78,0,23000,2,2,1,3,2,1,2,1,2,1,1,1,2,3,1,1,3
79,0,64000,1,1,3,1,1,1,2,3,5,6,4,4,3,3,7,7,7
80,0,18000,3,2,1,2,2,2,1,1,2,1,1,2,1,1,2,3,1
81,1,40000,4,5,4,5,4,5,3,4,5,6,7,6,5,6,2,3,1
82,0,19000,1,1,3,2,2,1,1,2,2,3,2,2,4,3,3,1,3
83,1,28000,4,4,7,5,5,5,6,6,2,4,3,2,4,2,2,2,1
84,0,19000,2,3,1,1,1,1,1,1,1,1,2,3,4,3,1,4,1
85,1,33000,5,6,6,6,6,5,4,6,3,2,2,3,1,1,3,1,1
86,0,42000,4,5,3,4,4,3,5,4,5,5,7,6,4,4,1,2,3
87,0,22000,2,1,1,1,1,3,3,2,2,3,2,1,4,2,4,1,3
88,0,22000,1,2,1,3,1,4,3,1,1,4,1,1,1,2,2,2,1
89,0,62000,1,2,2,2,1,1,2,1,2,3,2,2,5,4,7,7,7
90,1,29000,5,6,5,3,3,5,5,5,1,3,2,3,3,4,1,1,3
91,1,37000,3,4,4,2,5,3,4,3,5,5,4,5,7,6,2,1,3
92,1,32000,7,3,7,2,6,6,5,6,1,1,1,2,1,3,2,3,4
93,1,34000,5,6,5,7,5,3,6,7,2,1,1,1,2,4,2,1,4
94,1,40000,7,3,3,4,5,6,4,3,5,6,6,7,5,5,2,3,3
95,0,21000,2,1,1,3,2,3,3,1,2,1,1,2,2,1,3,2,2
96,0,20000,1,2,2,1,2,3,2,3,2,6,1,2,2,2,4,1,2
97,0,18000,2,3,1,1,1,1,3,2,1,3,1,2,3,3,1,3,2
98,0,18000,3,2,3,1,1,1,1,1,5,1,2,1,1,2,1,1,3
99,0,64000,1,1,2,1,2,2,1,1,5,5,3,2,5,6,7,7,7
100,0,16000,1,1,2,2,2,3,1,2,1,4,3,2,3,3,3,3,3
101,0,41000,3,2,4,4,4,6,3,5,6,4,5,6,7,7,2,2,5
102,0,18000,2,3,1,2,2,1,4,1,2,2,2,1,2,4,2,2,2
103,1,32000,6,6,4,5,7,5,4,5,2,1,3,4,1,1,2,2,3
104,1,32000,7,6,4,6,4,5,5,5,2,2,3,3,1,2,3,4,3
105,1,27000,5,4,5,6,6,4,4,5,4,3,1,2,1,1,2,3,1
106,0,15000,1,1,2,2,1,3,2,2,1,1,2,3,1,4,2,1,3
107,0,20000,3,1,1,4,5,1,2,2,2,5,3,2,2,2,2,4,2
108,1,18000,4,3,2,2,3,3,1,2,2,2,2,3,1,2,2,2,2
109,1,30000,6,6,6,5,5,6,5,6,3,3,2,1,3,3,2,1,2
110,1,27000,4,6,6,5,4,5,5,5,1,3,2,3,2,3,3,2,3
111,0,20000,1,1,1,1,1,1,2,1,5,3,3,2,1,3,3,3,1
112,0,22000,2,3,1,1,1,1,2,1,1,1,1,1,2,3,2,3,4
113,1,39000,3,5,3,5,5,4,4,5,7,6,7,6,5,6,2,2,1
114,1,42000,4,2,6,4,4,4,5,4,4,4,6,6,7,7,2,2,2
115,0,24000,3,2,1,1,2,2,1,1,4,3,1,1,1,1,3,3,1
116,0,19000,2,3,1,2,1,2,1,2,1,1,2,2,1,1,2,2,2
117,0,21000,2,2,1,2,2,1,3,2,1,4,3,1,2,3,1,2,2
118,0,40000,2,3,3,5,3,3,4,6,7,7,5,4,5,6,3,1,3
119,1,18000,2,2,2,1,1,1,2,2,3,1,6,2,1,2,2,4,2
120,1,33000,3,4,5,4,7,4,5,5,2,3,2,1,4,1,3,2,3
121,1,23000,2,1,1,1,1,1,1,2,3,1,4,5,4,3,2,1,4
122,1,38000,4,4,4,6,3,5,6,4,6,6,6,6,7,7,3,2,2
123,0,20000,1,2,2,1,3,1,2,1,3,1,2,3,2,2,2,3,2
124,1,40000,5,2,6,4,4,3,4,4,4,7,4,5,7,4,3,2,3
125,0,59000,1,1,1,1,1,1,1,2,4,3,4,3,2,2,7,7,7
126,1,31000,4,5,5,5,6,6,5,3,3,1,1,2,1,3,3,3,3
127,0,21000,1,1,4,4,3,4,1,2,3,4,1,1,1,1,2,4,3
128,0,18000,1,1,4,3,1,1,2,1,1,2,2,2,3,2,3,1,2
129,1,41000,3,6,4,3,7,4,5,3,7,5,6,4,6,7,3,2,2
130,0,21000,1,2,1,2,3,2,3,2,2,1,2,1,2,1,2,2,3
131,1,27000,4,4,5,5,6,4,6,7,1,2,2,5,1,4,2,1,2
132,0,22000,2,2,1,4,1,1,2,1,2,4,2,2,3,1,2,3,1
133,0,20000,2,1,1,1,2,2,3,1,2,3,2,4,1,3,2,3,3
134,1,29000,5,6,4,6,6,4,4,5,2,1,4,3,1,3,3,2,5
135,1,37000,3,3,3,2,5,5,7,4,7,3,4,6,6,6,2,3,2
136,0,21000,1,2,1,2,1,1,1,2,3,1,2,2,3,2,5,3,3
137,0,58000,3,2,3,2,1,1,2,2,4,2,6,3,2,3,7,7,7
138,1,32000,4,4,7,6,5,6,4,5,1,4,3,4,2,1,1,1,3
139,0,18000,1,1,1,4,2,1,3,1,3,5,1,4,1,3,1,1,3
140,1,31000,5,6,6,5,5,6,3,6,3,3,4,1,1,1,2,3,2
141,0,21000,2,1,1,3,4,3,2,1,4,1,2,1,5,1,5,3,3
142,0,21000,1,1,1,1,1,1,2,3,2,2,4,1,1,4,2,1,2
143,0,20000,2,1,3,1,2,1,3,1,3,1,2,3,5,2,4,1,2
144,1,31000,5,6,5,5,6,4,6,7,3,4,2,5,3,5,3,2,2
145,0,18000,1,3,3,2,3,3,1,1,3,4,3,2,4,4,2,3,2
146,1,41000,4,4,3,6,5,3,4,4,6,7,6,7,7,7,3,3,2
147,0,18000,1,1,1,1,2,1,1,2,1,2,5,1,1,2,2,2,2
148,0,39000,4,4,5,2,4,3,4,4,6,7,4,6,7,7,5,1,2
149,0,19000,1,3,1,3,1,1,1,1,1,4,2,2,3,3,2,1,3
150,0,21000,2,3,1,3,1,2,1,1,1,3,3,2,1,1,3,1,3
151,0,63000,2,1,1,2,2,1,2,2,4,2,3,4,1,2,6,6,7
152,0,22000,3,1,3,2,2,2,3,3,3,1,4,2,2,1,3,3,1
153,0,20000,2,2,1,1,1,2,1,2,2,4,1,2,1,2,2,2,1
154,0,61000,1,1,2,2,1,1,1,1,3,3,2,3,6,4,7,7,7
155,0,43000,3,4,4,3,3,5,4,5,7,6,6,6,5,5,4,3,3
156,0,20000,2,2,3,1,1,2,1,1,1,3,3,1,3,3,2,3,2
157,0,24000,1,2,2,2,2,1,2,2,3,1,1,3,4,2,3,3,3
158,0,22000,1,1,2,1,2,2,1,1,1,4,1,1,3,4,1,2,4
159,1,33000,7,6,4,6,5,4,6,5,3,1,1,2,3,5,2,3,4
160,1,39000,2,2,4,3,4,5,5,4,7,5,7,6,7,6,2,2,1
161,1,32000,3,4,6,3,6,6,7,5,2,3,2,1,1,1,3,2,1
162,1,20000,3,1,1,2,2,1,1,1,2,4,1,1,1,1,2,2,3
163,0,60000,1,1,1,2,2,1,1,1,4,3,2,2,5,1,7,7,7
164,1,18000,4,1,1,1,4,3,1,3,3,1,3,2,1,1,2,5,2
165,1,30000,7,4,4,5,5,6,6,5,2,5,4,5,2,1,2,3,3
166,0,24000,1,2,2,3,3,1,1,1,2,3,3,3,1,3,1,2,3
167,1,41000,4,4,5,4,5,5,4,4,5,5,5,7,7,3,3,3,1
168,0,24000,2,1,1,1,1,1,3,2,2,5,2,1,1,2,3,5,1
169,1,31000,6,5,6,5,6,6,5,4,4,2,2,1,1,2,3,3,3
170,0,20000,1,2,1,1,1,1,1,1,3,2,1,4,2,1,2,3,2
171,1,39000,4,5,3,5,3,5,4,5,7,5,7,4,7,7,1,2,5
172,0,19000,3,1,2,4,2,3,2,1,1,2,3,4,3,2,1,3,2
173,0,20000,3,1,1,2,2,1,1,2,2,3,3,4,1,3,3,2,2
174,0,21000,3,1,3,2,2,1,2,2,1,2,1,5,1,2,2,2,1
175,0,19000,3,1,2,1,1,1,1,1,1,4,2,1,2,3,2,3,2
176,0,62000,2,1,2,2,1,1,2,1,2,3,3,5,3,5,7,7,7
177,0,21000,1,1,3,1,2,2,2,1,1,3,1,1,2,1,4,3,2
178,1,33000,6,5,5,5,5,5,6,6,3,1,2,1,2,1,3,1,2
179,1,28000,7,6,3,6,6,4,7,3,2,3,3,3,1,2,3,1,2
180,1,29000,4,6,4,6,4,6,5,4,1,2,4,3,1,4,1,2,2
181,1,26000,5,4,4,5,4,5,7,5,3,1,4,1,1,1,4,3,2
182,0,21000,1,1,2,1,1,3,1,1,3,2,2,3,1,1,2,2,3
183,0,60000,1,2,1,1,3,1,1,1,3,5,1,4,3,3,7,6,7
184,0,21000,3,1,1,1,3,1,1,2,1,3,3,1,2,1,2,5,3
185,0,21000,3,1,1,1,2,3,1,2,2,1,2,4,4,1,2,2,2
186,1,19000,3,3,2,1,1,1,2,5,1,3,2,2,4,1,2,2,1
187,1,41000,7,5,3,4,5,5,4,5,5,7,6,4,7,5,2,2,3
188,0,62000,1,2,2,1,1,1,1,2,5,5,3,3,4,4,7,6,6
189,1,32000,5,4,6,5,5,6,5,6,2,4,3,2,1,1,4,1,4
190,0,60000,1,1,3,3,2,1,1,1,4,3,3,3,3,4,7,7,7
191,1,39000,4,3,3,5,4,5,3,5,6,7,6,6,7,6,4,1,1
192,0,61000,2,1,1,1,1,1,1,1,2,1,4,4,4,3,7,6,7
193,0,21000,2,4,3,2,1,3,1,2,3,3,2,2,3,2,4,3,4
194,0,20000,3,1,3,1,1,2,1,2,3,2,2,3,2,1,3,2,3
195,1,29000,4,5,5,4,5,4,4,5,2,3,4,2,1,1,3,1,2
196,1,28000,6,5,6,7,6,5,5,5,4,2,1,2,3,5,2,2,1
197,0,21000,1,3,1,1,1,2,4,1,2,3,1,2,3,3,2,1,3
198,0,22000,3,2,1,3,2,2,1,3,2,1,3,6,2,4,3,3,2
199,1,27000,5,6,5,7,7,5,4,6,3,1,1,2,2,2,1,3,1
200,1,33000,4,5,5,5,4,4,7,6,2,2,3,3,2,4,4,2,4
201,1,22000,1,2,1,3,3,2,2,3,1,1,4,3,2,2,2,1,1
202,0,19000,2,3,1,3,2,3,3,3,2,2,1,3,2,2,3,2,2
203,0,23000,2,1,1,2,1,1,2,1,2,4,1,1,3,4,3,3,3
204,0,21000,1,3,2,1,2,4,4,1,4,2,1,3,1,1,2,3,3
205,1,20000,3,2,1,2,1,2,3,2,2,1,4,1,1,1,1,1,3
206,0,20000,1,4,1,1,3,2,3,2,3,4,1,2,3,1,3,1,2
207,0,21000,2,3,2,2,2,3,2,1,3,2,1,4,1,1,3,1,2
208,1,32000,3,6,5,5,5,4,4,7,1,1,3,1,2,2,2,3,2
209,1,39000,4,3,4,5,3,3,3,3,5,6,5,7,5,3,3,2,3
210,0,19000,2,1,1,1,1,3,2,2,3,1,2,1,3,1,1,3,2
211,1,18000,3,1,3,3,2,2,2,1,1,3,1,4,1,1,2,1,1
212,1,32000,5,5,5,5,5,5,6,7,2,3,1,3,2,3,5,4,4
213,1,29000,5,6,6,6,5,4,6,6,2,2,1,1,1,2,1,4,3
214,0,19000,3,2,3,2,1,2,1,1,2,2,2,3,3,1,3,1,1
215,1,30000,4,6,7,6,4,5,5,4,4,2,2,2,5,3,3,2,2
216,0,22000,2,2,1,1,1,1,1,3,2,2,1,4,2,1,3,3,2
217,1,31000,5,5,6,5,3,6,6,5,2,4,4,4,2,2,1,3,4
218,0,62000,3,1,2,1,1,1,1,2,4,4,5,3,1,2,7,7,7
219,1,33000,4,6,5,5,5,6,6,5,3,2,1,3,1,1,3,2,2
220,1,29000,6,7,5,5,4,5,4,4,2,2,4,3,3,2,1,3,1
221,0,62000,2,1,2,2,3,1,2,1,4,1,3,6,1,3,7,7,7
222,0,41000,4,3,4,5,2,4,6,6,5,5,7,6,6,4,1,4,3
223,0,62000,2,2,1,3,2,1,1,1,4,5,2,3,5,1,7,7,5
224,0,19000,1,4,2,1,1,3,2,2,4,1,3,3,3,4,5,1,4
225,1,30000,4,7,6,5,5,4,6,7,2,3,1,1,2,4,1,3,1
226,0,19000,1,2,2,3,1,1,1,2,1,1,1,4,1,1,3,3,2
227,1,30000,6,6,3,5,5,6,6,6,1,3,1,4,4,1,1,1,2
228,0,57000,2,1,1,2,1,2,1,1,4,3,3,6,3,4,6,7,6
229,1,30000,7,4,7,5,5,4,5,7,2,1,3,4,5,2,2,2,3
230,1,27000,6,7,6,6,6,7,7,4,1,2,2,3,3,3,5,3,3
231,0,23000,1,3,1,1,1,1,1,4,4,2,3,3,3,2,2,2,2
232,1,40000,6,3,3,4,3,4,4,6,7,7,6,5,5,6,2,2,3
233,1,39000,3,2,3,5,4,3,5,5,7,7,5,6,7,7,2,2,3
234,0,19000,2,2,2,1,1,2,1,3,1,3,2,2,1,3,1,3,2
235,0,21000,2,1,2,2,1,1,1,1,3,2,1,2,2,2,2,4,2
236,1,21000,1,3,1,2,2,1,3,3,3,1,1,2,1,1,1,1,1
237,1,28000,6,5,4,6,5,5,6,4,3,2,3,1,2,1,2,4,3
238,1,41000,4,5,5,4,4,5,4,5,7,7,7,7,6,7,2,1,2
239,1,30000,6,5,6,5,6,5,6,6,1,3,1,2,3,4,3,4,2
240,1,43000,4,4,4,5,4,4,4,3,6,6,6,5,6,6,2,3,4
241,1,42000,4,4,5,3,6,5,3,4,6,3,6,6,4,5,2,2,1
242,0,56000,1,1,2,2,1,1,2,1,3,3,5,3,3,1,7,7,7
243,1,37000,3,4,4,4,4,6,4,3,7,6,4,6,5,7,3,1,1
244,0,22000,2,2,1,2,3,2,1,2,1,1,2,2,3,1,3,2,3
245,0,17000,1,2,2,3,2,1,1,1,3,1,1,3,2,1,2,2,2
246,0,20000,3,2,2,1,2,1,1,3,4,2,1,3,2,3,2,2,2
247,0,21000,1,1,1,1,3,2,3,1,2,2,4,1,1,1,3,3,2
248,1,27000,4,5,5,6,6,7,5,6,1,1,3,3,3,1,2,1,1
249,0,58000,1,1,4,1,3,1,1,1,5,4,3,2,4,4,7,7,7
250,1,38000,5,5,3,3,4,3,3,5,5,7,4,4,6,5,1,4,2
251,0,18000,1,2,1,2,2,2,2,3,3,4,3,2,1,2,4,3,2
252,0,19000,1,1,5,3,2,2,2,1,1,3,1,4,3,1,2,1,3
253,0,16000,1,1,3,1,2,1,2,2,1,1,3,3,1,4,2,1,3
254,1,30000,6,6,4,5,6,5,7,5,3,2,3,2,2,1,2,1,1
255,0,20000,1,1,3,4,4,1,2,1,1,1,1,3,1,2,3,3,3
256,0,21000,2,1,1,2,2,2,3,4,3,1,1,2,2,2,3,3,3
257,1,44000,4,3,4,3,4,7,2,4,4,5,7,5,5,5,4,1,3
258,0,41000,4,4,3,3,4,4,6,4,4,6,6,6,6,3,2,2,3
259,0,21000,1,2,3,1,1,1,2,1,2,3,3,1,2,1,1,2,3
260,1,39000,3,4,5,4,5,4,5,5,6,4,5,7,5,7,2,3,3
261,1,30000,6,3,6,6,6,6,6,7,2,1,2,2,2,2,1,3,4
262,1,38000,3,3,5,4,4,3,5,5,7,7,7,4,7,7,2,2,4
263,0,21000,2,2,1,1,1,1,2,1,1,3,4,2,4,1,2,2,3
264,1,44000,4,4,3,5,4,2,5,4,6,6,3,6,7,4,2,3,3
265,0,21000,2,1,2,1,3,2,1,1,1,1,1,1,3,1,2,3,4
266,0,19000,2,2,1,2,2,2,1,3,2,1,2,3,5,1,2,3,1
267,0,21000,1,1,1,2,2,1,3,3,1,1,1,1,2,3,2,1,4
268,0,23000,1,1,3,2,1,3,1,1,2,5,3,5,1,2,2,2,3
269,1,43000,4,4,5,3,5,5,5,5,7,6,7,4,5,4,1,5,4
270,0,63000,1,1,2,1,2,1,1,2,1,4,4,4,5,2,7,7,5
271,1,32000,7,3,6,5,5,5,6,7,5,3,2,1,3,5,1,1,2
272,0,19000,2,3,1,1,1,4,1,1,2,3,2,1,3,4,5,3,2
273,1,43000,6,4,4,6,6,4,4,6,7,7,6,5,7,5,2,2,2
274,0,19000,4,1,3,1,2,1,2,2,3,2,2,1,3,1,2,3,3
275,1,39000,5,4,5,3,4,4,5,4,4,3,6,5,6,7,2,2,2
276,0,57000,1,1,1,1,1,1,1,2,3,2,3,3,2,5,6,7,6
277,1,41000,3,3,5,6,5,3,5,3,4,7,5,5,5,6,3,2,3
278,1,39000,7,4,4,6,3,3,5,6,7,5,5,4,7,5,2,4,3
279,0,18000,1,2,2,3,1,1,1,2,3,2,2,3,3,3,2,3,4
280,1,32000,4,5,6,4,4,5,7,5,2,1,3,7,3,3,2,3,3
281,0,22000,1,3,1,2,1,3,2,3,1,4,1,3,1,3,1,1,2
282,1,41000,4,3,4,5,5,3,5,4,4,7,6,7,6,6,2,3,3
283,1,28000,6,6,6,7,4,5,6,6,2,2,1,4,4,2,3,3,4
284,0,23000,2,2,1,1,1,2,1,2,2,2,4,1,2,1,2,3,2
285,0,22000,1,2,3,1,1,1,2,1,4,3,2,3,4,2,4,5,2
286,1,21000,1,2,1,2,2,1,2,1,1,4,2,4,1,1,3,3,2
287,0,21000,1,1,4,2,1,3,1,2,3,4,3,1,3,2,3,4,3
288,1,27000,6,5,6,7,5,6,7,6,3,2,1,2,1,1,2,3,1
289,0,20000,2,3,3,1,2,2,1,1,1,2,3,2,2,1,4,3,3
290,0,18000,1,1,1,1,1,2,1,1,2,4,2,3,1,4,2,2,2
291,0,19000,1,2,3,1,3,1,2,2,1,1,1,2,3,1,1,1,3
292,1,42000,4,5,3,6,3,5,2,4,7,6,7,7,4,6,2,3,2
293,0,22000,1,1,2,3,1,1,2,3,1,2,2,2,1,2,4,5,4
294,0,18000,2,1,2,1,2,2,1,2,1,1,3,2,1,3,3,3,1
295,0,19000,1,2,1,1,1,1,1,1,1,3,1,2,2,1,3,1,1
296,1,39000,3,6,5,6,4,2,6,2,7,2,7,6,4,6,2,1,2
297,1,37000,5,5,4,4,4,6,4,4,5,5,4,6,7,6,1,2,1
298,0,63000,1,2,1,1,1,3,1,2,4,4,2,3,2,5,7,7,6
299,1,41000,4,4,5,3,4,5,4,4,5,5,6,7,6,6,3,2,2
300,0,60000,1,3,1,1,1,1,1,2,6,5,4,3,4,5,7,7,7
301,0,20000,1,1,1,1,2,4,2,1,2,3,1,1,2,2,5,5,2
302,0,58000,3,1,3,1,1,1,2,1,2,2,2,5,3,4,7,7,7
303,1,33000,5,5,7,5,6,7,6,5,4,2,1,1,2,1,1,3,2
304,1,22000,1,1,1,1,1,2,2,2,1,1,1,1,4,1,1,2,1
305,1,30000,6,7,5,6,5,5,6,5,3,2,1,1,3,1,3,2,4
306,1,30000,5,5,6,3,4,5,5,4,2,1,1,1,3,3,2,2,2
307,1,27000,5,6,5,6,6,7,5,6,2,1,2,1,2,2,1,4,4
308,0,61000,3,1,1,1,3,1,1,1,3,3,3,3,5,4,7,7,7
309,1,41000,2,3,4,4,2,3,3,4,6,6,6,5,7,4,4,1,1
310,1,29000,5,6,6,6,5,7,6,5,1,3,2,3,2,3,2,3,2
311,0,61000,1,1,1,1,1,1,1,2,4,4,2,4,3,4,7,7,7
312,1,29000,5,6,5,6,6,4,7,5,1,1,3,1,1,1,4,3,3
313,0,18000,2,1,1,4,3,2,1,4,1,1,3,2,2,1,2,1,2
314,1,27000,6,5,5,5,6,6,5,7,2,3,1,1,1,3,3,3,2
315,0,18000,3,1,4,3,2,3,2,1,2,1,2,3,2,1,2,1,2
316,1,28000,7,4,5,4,5,5,6,5,4,1,1,3,4,1,2,2,1
317,1,42000,4,6,5,5,5,4,4,5,7,4,6,6,4,6,1,3,4
318,0,61000,2,2,1,1,1,1,2,1,3,3,4,2,5,5,6,7,7
319,1,21000,2,1,3,2,2,3,2,3,2,1,2,1,1,3,2,2,3
320,0,19000,1,3,1,2,2,2,1,2,2,1,2,2,2,3,4,2,2
321,1,27000,5,6,7,5,7,5,4,6,3,1,1,1,1,4,1,3,3
322,0,21000,3,1,2,2,2,3,2,2,2,1,2,2,2,6,2,3,2
323,0,21000,3,1,2,3,3,3,1,2,4,2,3,2,2,3,1,3,3
324,1,27000,5,6,6,6,6,7,5,5,4,3,4,1,3,2,1,1,1
325,1,28000,7,4,5,5,6,6,7,7,2,3,1,2,1,1,3,3,4
326,0,22000,1,1,2,2,1,4,2,1,1,2,1,1,1,4,3,2,3
327,0,20000,1,1,1,2,1,1,1,1,1,2,2,1,3,4,1,2,4
328,0,20000,3,2,3,3,3,1,1,1,4,3,2,1,2,3,3,3,2
329,1,29000,5,6,4,6,6,5,6,5,2,4,1,2,2,3,1,5,1
330,0,64000,1,1,2,1,1,1,1,1,4,3,1,3,5,6,7,7,7
331,0,23000,3,2,2,2,1,4,2,2,4,1,1,4,4,1,4,4,1
332,1,26000,5,4,5,5,7,3,4,5,2,1,1,2,4,2,2,4,3
333,1,31000,4,7,7,4,5,7,4,6,2,2,2,2,1,3,1,3,2
334,1,40000,3,4,4,5,5,4,2,3,7,7,7,6,5,5,1,3,2
335,0,20000,3,1,3,2,1,2,2,1,3,2,2,1,3,1,4,2,2
336,0,60000,3,1,1,1,1,5,1,1,2,2,3,3,2,3,6,7,7
337,0,22000,4,1,1,3,1,2,2,2,3,2,2,1,3,2,2,3,3
338,1,39000,6,5,5,5,4,4,4,5,7,6,5,6,7,6,3,2,1
339,1,31000,7,4,4,5,5,5,7,5,4,2,2,1,1,4,3,3,2
340,1,27000,5,7,7,5,5,5,5,5,1,4,3,2,1,2,2,3,3
341,0,20000,1,2,2,2,1,2,2,3,2,3,1,2,2,1,3,4,2
342,0,24000,1,1,2,2,3,3,1,2,4,2,2,1,4,2,3,2,4
343,0,17000,1,1,2,2,1,1,1,1,1,1,1,2,3,1,3,4,2
344,1,31000,5,6,6,6,5,7,7,6,1,3,4,3,4,2,3,4,2
345,0,22000,1,3,2,1,1,1,2,1,2,4,1,4,3,3,1,3,1
346,0,19000,1,3,1,3,1,1,2,3,3,3,3,1,1,2,3,4,1
347,0,59000,2,3,1,1,1,2,2,3,2,2,2,1,2,3,7,6,7
348,1,41000,5,3,3,5,3,4,4,5,4,6,5,5,4,7,3,1,2
349,1,35000,4,5,6,3,5,5,5,4,2,1,1,4,2,1,4,3,2
350,1,42000,4,3,5,5,5,6,5,4,6,4,6,4,7,7,1,2,2
351,0,22000,3,1,1,1,3,3,1,1,1,1,5,2,4,1,3,3,3
352,0,22000,1,1,2,1,2,2,2,2,3,2,2,1,1,2,1,3,1
353,1,40000,4,5,7,5,5,3,4,5,6,4,6,6,6,5,3,2,3
354,1,41000,3,5,3,3,4,5,4,6,5,7,6,7,5,6,2,2,2
355,0,19000,2,1,1,2,1,3,4,2,1,3,3,2,1,1,4,3,2
356,0,21000,2,1,3,1,1,1,1,1,2,2,2,3,2,3,1,2,2
357,1,26000,2,4,6,6,5,7,5,5,4,1,2,1,2,2,3,3,2
358,1,30000,7,6,4,4,4,5,5,4,3,1,1,3,5,1,3,3,4
359,1,26000,5,5,6,4,6,6,7,5,1,1,2,1,2,1,1,5,3
360,0,20000,2,1,4,1,3,1,1,2,1,2,3,1,4,1,2,2,3
361,0,24000,1,2,1,1,3,1,1,2,1,2,2,5,3,2,2,2,2
362,0,19000,1,4,1,1,2,3,1,2,1,1,1,3,2,1,4,2,2
363,1,41000,4,7,4,5,4,6,5,6,6,7,5,6,5,6,4,3,4
364,1,39000,4,5,3,4,4,3,4,4,5,6,5,6,7,4,3,3,2
365,1,41000,4,5,5,6,4,4,4,6,5,5,4,7,7,6,1,1,2
366,1,40000,5,2,3,4,5,3,5,4,5,4,6,6,6,4,4,3,1
367,1,32000,5,5,5,7,6,6,6,6,4,3,1,1,2,2,4,2,3
368,1,29000,7,6,4,6,5,5,6,7,1,3,1,1,2,1,3,2,1
369,1,30000,5,5,4,4,6,5,5,4,1,1,1,1,2,3,4,2,1
370,1,28000,4,3,4,5,4,3,5,5,1,2,2,3,3,1,1,3,4
371,0,22000,1,1,1,1,3,1,1,1,4,2,4,1,3,2,4,3,3
372,1,40000,4,5,5,5,2,4,2,3,5,5,7,4,5,7,2,3,1
373,0,16000,1,2,2,2,2,3,2,2,1,2,1,2,2,1,1,2,2
374,0,18000,1,1,2,1,1,2,1,1,3,4,4,5,4,2,5,2,2
375,1,31000,4,7,5,5,4,7,4,5,1,1,3,1,4,1,3,2,3
376,0,44000,6,4,4,5,4,4,5,4,5,3,7,6,4,2,3,2,4
377,1,41000,4,3,1,4,6,6,4,5,4,6,7,6,7,7,2,3,1
378,1,24000,2,1,2,3,3,3,2,3,1,4,1,3,3,4,3,1,1
379,1,31000,2,4,6,6,7,5,4,7,1,1,4,1,2,2,1,4,2
380,1,38000,4,4,3,6,4,5,2,4,5,7,5,6,5,5,1,1,3
381,1,21000,1,2,2,2,3,5,3,2,3,1,1,1,2,1,2,2,2
382,1,30000,5,7,4,5,6,6,5,5,1,3,4,4,1,3,2,1,4
383,1,39000,4,4,3,4,6,5,3,5,7,7,5,6,7,5,4,3,2
384,0,61000,1,1,1,1,3,1,1,1,5,3,1,2,2,5,7,7,7
385,0,63000,2,2,1,1,1,1,1,2,4,2,2,4,1,4,7,6,7
386,1,29000,7,6,7,6,6,5,5,6,3,1,3,2,2,1,2,2,3
387,0,19000,1,3,2,4,4,1,2,2,2,3,2,3,1,3,4,1,4
388,0,17000,1,1,2,2,3,1,2,3,3,1,2,2,3,1,3,2,3
389,0,62000,2,1,1,1,1,1,1,1,3,3,5,4,3,3,7,7,7
390,1,28000,3,6,7,6,7,4,4,5,3,2,3,4,5,1,2,3,3
391,1,29000,5,4,7,6,5,6,6,5,5,2,2,3,4,1,3,2,4
392,1,42000,4,5,4,4,4,2,3,4,7,3,7,6,2,7,2,4,2
393,0,19000,1,1,2,2,2,4,3,2,2,1,2,3,3,3,2,1,3
394,0,18000,1,1,2,2,1,1,2,1,1,1,2,3,1,2,3,2,3
395,1,30000,5,6,6,6,5,5,5,5,2,3,2,2,2,1,4,3,2
396,0,22000,1,2,2,1,1,2,1,3,1,3,3,1,1,1,2,3,4
397,0,19000,4,2,1,1,1,1,3,2,5,1,1,3,1,3,4,2,3
398,1,39000,4,3,6,4,5,4,6,5,6,7,7,5,5,5,2,1,2
399,1,18000,3,3,2,1,2,2,1,1,2,3,1,4,1,4,1,2,4
400,1,39000,5,5,4,4,4,6,5,6,5,7,5,6,5,5,3,1,3
401,1,42000,3,6,4,3,4,5,7,4,6,7,3,7,6,3,2,5,4
402,1,29000,7,5,4,4,6,4,7,7,2,2,4,2,3,3,3,2,4
403,0,20000,2,1,2,1,1,1,1,4,2,3,3,3,1,3,2,2,4
404,0,21000,3,1,2,2,1,1,1,1,5,3,4,3,4,1,3,2,4
405,1,41000,4,3,4,5,5,3,4,3,5,7,5,5,6,4,2,2,3
406,1,26000,6,7,6,4,7,4,4,6,3,2,3,3,2,5,4,2,2
407,1,41000,4,4,5,3,4,4,3,3,7,5,7,4,6,5,2,1,3
408,0,62000,1,1,1,1,1,1,2,1,4,4,3,3,4,2,7,7,7
409,1,32000,6,5,7,5,6,6,5,6,1,3,1,3,5,2,3,3,2
410,0,20000,3,3,2,1,1,3,2,2,3,1,2,3,2,3,2,3,3
411,0,21000,4,3,1,1,1,1,1,1,2,3,1,1,2,1,2,3,3
412,1,37000,5,4,4,5,5,4,3,6,7,7,7,3,7,7,4,4,2
413,1,39000,3,4,6,4,4,3,4,3,4,4,5,6,7,6,1,2,3
414,0,61000,2,2,2,2,1,1,1,1,2,1,4,5,2,5,7,7,7
415,0,21000,3,2,2,1,1,2,2,2,1,1,2,3,1,2,3,3,4
416,0,23000,2,3,1,2,2,1,2,2,3,4,2,1,1,3,3,3,3
417,1,30000,5,5,5,5,6,6,6,6,2,2,3,2,1,2,2,1,1
418,0,21000,2,3,1,2,3,4,1,4,1,4,2,3,1,3,3,3,2
419,0,22000,1,1,2,3,4,3,1,1,3,3,1,2,1,1,5,1,3
420,1,36000,6,4,5,7,5,4,5,6,1,2,2,1,1,2,4,2,1
421,0,60000,2,2,1,2,3,1,2,2,5,4,2,1,3,3,7,7,7
422,1,43000,4,3,3,5,3,4,4,4,5,7,7,7,3,5,2,2,2
423,0,17000,2,1,1,1,1,2,3,2,1,5,3,1,4,4,3,1,2
424,0,20000,1,3,1,2,2,3,1,1,1,2,2,3,3,3,1,3,4
425,1,33000,6,5,5,7,5,4,6,5,2,4,4,1,2,4,4,3,3
426,1,32000,5,6,2,6,5,6,5,6,3,2,1,3,1,1,2,2,1
427,1,31000,3,5,5,5,5,5,6,5,2,1,2,2,2,1,3,1,1
428,1,31000,5,6,6,6,4,4,5,6,1,1,1,1,2,2,4,2,2
429,0,21000,1,1,1,3,1,3,1,2,2,1,3,1,2,1,2,1,3
430,1,28000,7,6,4,7,5,4,5,4,2,3,4,1,3,3,2,2,2
431,1,39000,5,4,4,5,3,5,4,5,4,7,7,6,4,4,3,2,1
432,1,40000,2,4,5,4,4,3,5,4,7,7,7,5,5,6,3,2,1
433,1,20000,2,2,1,1,1,1,2,1,3,2,4,1,2,5,1,4,1
434,1,29000,5,5,7,6,6,5,6,5,2,1,4,1,2,2,3,4,4
435,1,41000,5,4,5,4,6,6,5,4,7,7,7,6,6,6,3,1,3
436,1,20000,3,3,3,1,1,1,2,1,5,2,4,4,2,1,2,1,2
437,0,56000,2,1,1,1,1,1,1,1,2,3,4,2,4,2,7,7,7
438,1,30000,4,5,7,6,7,5,7,6,2,1,3,3,2,3,1,4,1
439,1,24000,2,4,2,2,1,3,2,1,1,2,2,2,3,1,3,3,2
440,1,37000,5,5,6,1,3,4,5,5,5,7,5,7,5,7,3,1,2
441,0,18000,2,1,2,1,1,2,1,1,2,2,3,4,3,3,2,3,1
442,0,56000,1,2,1,1,2,1,1,3,3,3,5,4,1,2,7,5,6
443,1,40000,4,1,4,5,6,4,4,4,4,5,7,6,5,4,3,2,2
444,1,29000,7,4,5,7,5,4,5,7,3,2,2,1,2,2,1,3,2
445,0,19000,2,1,2,1,2,3,2,1,3,2,1,3,2,3,1,5,1
446,1,43000,5,3,3,4,5,4,5,5,4,7,5,7,6,6,2,2,2
447,0,16000,1,2,2,1,1,2,2,3,4,1,1,3,2,2,2,2,3
448,1,39000,5,4,4,5,4,4,6,4,7,7,7,6,7,6,1,2,2
449,1,41000,6,3,4,6,3,5,4,2,6,6,6,4,7,5,2,2,1
450,0,23000,2,2,2,1,2,2,3,1,1,2,2,1,4,2,3,1,2
451,0,16000,3,2,1,3,1,2,2,3,1,2,3,1,3,4,2,2,4
452,0,23000,2,1,2,2,1,1,1,2,1,2,1,1,3,2,2,1,1
453,0,19000,1,1,1,2,2,1,2,1,2,1,1,3,1,2,3,3,3
454,1,43000,5,6,4,3,5,4,3,4,6,6,6,7,6,6,3,3,4
455,0,21000,2,1,2,3,2,2,2,1,3,3,3,4,3,2,2,4,2
456,1,34000,4,7,6,4,4,5,7,3,2,3,3,2,3,4,3,1,3
457,0,61000,1,3,1,2,1,3,2,2,4,6,5,3,3,4,7,7,7
458,0,18000,1,2,3,2,4,1,1,2,2,3,4,2,1,2,4,2,4
459,0,19000,4,1,1,1,2,1,1,1,3,1,1,2,4,4,2,4,3
460,1,31000,6,4,4,6,5,5,4,5,2,3,1,1,1,2,1,2,2
461,0,23000,3,2,1,2,1,3,1,1,1,2,2,2,1,1,2,4,5
462,1,40000,6,5,5,5,5,3,4,5,7,6,7,7,5,6,4,3,3
463,1,40000,3,6,7,4,4,5,5,4,6,6,7,3,5,5,2,3,4
464,1,28000,5,7,5,6,6,4,5,7,3,1,4,1,2,4,2,3,4
465,1,44000,3,4,4,3,5,3,5,4,4,6,6,5,4,7,2,2,2
466,0,41000,3,4,2,4,6,4,4,4,6,5,6,6,5,5,3,4,3
467,1,39000,4,7,4,4,4,5,4,5,7,5,7,6,5,5,3,4,1
468,0,20000,1,2,1,1,2,1,2,3,2,3,3,2,1,1,1,2,3
469,0,21000,3,2,3,2,3,1,1,4,3,5,2,2,3,1,2,3,5
470,1,39000,5,3,3,3,4,4,5,4,6,6,7,6,4,6,4,4,1
471,0,21000,2,2,1,1,2,2,1,1,3,3,2,1,3,2,1,3,1
472,1,32000,6,7,5,6,7,3,5,5,2,5,2,3,1,3,3,2,5
473,1,41000,4,4,4,4,5,3,6,4,6,6,4,5,5,4,3,3,3
474,1,30000,7,6,6,5,7,6,6,5,1,2,2,2,3,1,3,3,4
475,1,38000,3,2,4,5,3,3,4,4,7,6,5,6,7,6,1,3,1
476,0,21000,1,1,1,2,2,1,3,4,1,1,1,3,2,3,2,2,2
477,1,40000,4,3,5,3,5,4,3,4,6,6,4,5,6,7,3,2,4
478,1,29000,5,6,6,5,6,5,4,5,2,2,2,4,4,2,1,3,1
479,0,16000,1,1,2,3,2,1,1,2,2,3,4,2,1,1,4,2,2
480,1,39000,4,5,6,5,4,5,4,6,6,6,6,4,7,7,3,3,2
481,0,60000,2,3,1,1,1,3,1,2,4,2,2,3,4,4,7,7,7
482,1,30000,5,5,4,5,4,6,4,7,2,2,4,1,3,3,2,3,5
483,1,41000,4,6,2,4,3,7,4,5,6,3,5,5,7,5,2,2,3
484,1,39000,4,4,5,3,2,5,5,3,4,7,5,7,5,7,1,4,2
485,1,31000,4,6,6,5,5,3,7,5,1,3,3,3,1,3,4,2,1
486,1,31000,4,6,7,7,6,3,6,4,4,1,3,3,2,2,3,5,2
487,1,27000,5,5,6,5,7,5,4,5,2,1,2,2,1,3,2,2,5
488,1,44000,4,4,4,4,5,5,5,3,6,6,5,7,6,5,1,4,4
489,1,18000,1,3,1,5,3,3,3,2,4,4,2,2,1,2,1,4,1
490,0,14000,1,1,1,1,2,1,2,1,1,1,4,1,1,3,4,3,2
491,1,28000,6,6,6,5,5,6,6,4,1,5,2,2,3,1,1,2,1
492,0,62000,1,1,1,1,2,1,1,3,4,4,4,4,1,2,7,7,7
493,1,22000,1,1,2,2,1,1,3,2,4,2,4,3,3,3,1,2,3
494,0,20000,3,1,2,3,1,1,1,1,2,4,3,6,3,2,3,3,3
495,0,60000,4,1,1,2,1,1,1,1,5,1,3,6,3,4,7,7,6
496,1,26000,7,5,5,6,4,6,5,6,3,2,2,3,1,1,2,2,2
497,0,25000,5,7,5,4,3,5,5,5,1,3,4,3,2,1,1,4,3
498,1,30000,4,6,4,6,4,4,5,6,1,1,1,1,1,2,3,2,3
499,0,18000,3,3,2,2,2,2,1,1,1,2,1,3,4,2,2,1,2
500,0,23000,1,3,1,2,1,3,1,3,1,1,1,1,3,2,2,2,3
501,0,22000,1,2,3,2,1,2,2,1,1,2,3,1,4,1,5,3,2
502,0,22000,2,1,3,2,1,2,3,1,1,1,2,1,3,3,1,3,3
503,1,32000,6,6,6,6,5,5,5,5,5,3,1,3,1,5,1,3,1
504,0,20000,2,1,1,2,2,2,1,1,1,2,2,1,1,1,1,1,3
505,1,29000,5,6,5,4,6,4,6,5,2,2,1,1,1,1,4,2,1
506,0,18000,1,2,2,1,1,2,2,2,1,2,4,1,1,3,3,3,1
507,0,21000,1,2,1,1,2,1,1,1,3,1,1,4,3,2,3,2,3
508,0,19000,2,1,2,1,2,1,1,2,1,4,1,1,4,1,3,3,2
509,1,31000,4,5,6,7,5,6,4,5,2,3,1,2,1,1,3,2,2
510,0,21000,1,1,1,1,1,2,3,2,1,1,2,1,1,1,3,4,2
511,1,40000,4,4,4,4,4,5,4,4,6,5,5,6,4,6,4,2,1
512,1,38000,5,4,3,4,5,5,3,3,7,6,7,6,5,7,4,3,2
513,0,17000,2,2,2,2,2,3,3,2,3,3,4,1,2,2,4,3,4
514,1,22000,1,4,1,4,1,2,3,1,1,1,3,3,1,2,3,1,4
515,0,24000,2,3,1,2,1,2,3,1,3,1,2,2,3,1,3,1,3
516,0,60000,2,1,1,3,1,1,2,1,4,5,4,4,2,2,7,7,7
517,0,17000,3,2,2,2,3,2,1,2,4,2,2,2,1,3,2,2,2
518,1,29000,6,4,4,6,4,3,5,5,5,1,1,3,2,1,3,3,2
519,0,20000,1,2,1,1,1,1,2,1,2,2,1,2,2,3,1,4,2
520,1,38000,4,5,5,4,3,3,6,6,7,5,5,5,5,6,1,3,3
521,0,64000,2,2,2,1,1,3,1,1,3,3,3,4,3,3,7,7,7
522,1,20000,1,1,1,3,3,1,1,2,1,2,3,2,3,2,2,1,1
523,1,20000,1,2,1,3,4,1,1,2,1,3,2,2,3,2,2,2,3
524,0,25000,1,2,1,2,2,1,1,1,1,1,2,1,3,1,3,4,2
525,0,19000,4,1,3,1,1,1,2,2,3,1,2,3,1,2,3,1,3
526,1,40000,4,4,7,4,4,6,3,3,7,6,4,5,6,6,3,3,2
527,1,39000,4,3,4,4,4,7,3,4,5,6,7,6,7,6,2,4,2
528,1,28000,7,7,6,6,5,6,6,6,2,1,2,1,1,2,2,1,1
529,1,42000,4,5,5,5,4,5,2,4,6,7,5,6,4,6,2,3,1
530,0,19000,1,1,1,2,3,3,3,1,1,2,3,3,5,2,3,2,2
531,0,20000,1,3,1,1,1,3,2,2,2,4,1,3,4,4,4,5,3
532,0,60000,1,2,1,1,1,1,1,1,1,4,5,3,3,4,6,7,7
533,0,60000,1,1,1,1,1,1,1,1,3,4,4,6,5,3,7,7,7
534,1,29000,4,5,6,5,6,6,5,3,1,3,2,3,1,2,2,1,2
535,1,37000,5,4,6,4,4,3,6,4,7,5,7,5,5,7,3,3,2
536,0,61000,1,1,1,2,3,1,1,1,2,3,5,1,5,4,7,7,7
537,0,23000,2,1,1,3,1,2,1,2,1,4,3,1,4,1,4,3,4
538,0,62000,1,2,1,2,2,2,1,1,5,3,2,4,4,5,7,5,7
539,1,39000,4,5,5,5,4,5,5,4,4,7,6,5,5,6,1,4,4
540,1,32000,6,5,5,4,6,7,4,4,1,2,1,2,1,3,2,1,3
541,0,23000,2,2,3,3,1,1,2,1,3,3,1,1,1,2,4,2,1
542,0,17000,3,2,1,2,3,3,1,1,1,3,3,1,3,2,2,1,3
543,0,59000,2,1,1,1,1,1,1,2,2,1,4,4,3,3,7,7,6
544,1,27000,6,5,6,4,6,4,4,3,4,1,3,1,4,3,3,1,2
545,0,59000,1,1,2,2,1,1,1,1,3,4,3,3,3,2,6,7,7
546,0,22000,2,2,1,1,3,3,4,2,6,2,2,3,5,1,4,3,3
547,1,32000,4,6,6,5,5,4,5,7,3,1,1,1,1,1,2,1,2
548,0,20000,3,1,2,1,2,1,1,3,2,2,1,2,3,3,3,3,1
549,1,29000,5,2,6,6,4,6,7,6,1,2,1,3,1,3,3,2,4
550,1,39000,3,4,4,4,5,3,5,3,5,5,4,5,7,5,2,3,2
551,0,21000,3,3,2,2,1,1,1,4,1,3,1,2,3,2,2,3,2
552,1,29000,7,5,4,5,5,6,7,6,1,1,3,4,1,1,2,2,1
553,1,31000,6,7,7,5,6,5,6,4,1,3,3,1,3,1,3,3,3
554,1,38000,5,3,4,4,4,4,3,5,7,7,6,5,6,6,1,3,4
555,0,65000,1,1,2,1,1,1,1,1,1,3,3,3,1,1,7,7,7
556,0,18000,3,1,1,1,3,1,1,1,3,2,1,2,1,3,2,1,2
557,0,21000,2,1,2,3,1,1,3,2,1,1,2,2,1,4,3,2,1
558,0,23000,1,1,3,1,1,2,2,1,1,3,2,2,3,1,2,1,4
559,0,59000,1,2,1,1,1,1,2,1,2,7,3,3,2,3,7,7,7
560,0,61000,1,1,2,1,2,1,1,4,1,5,3,3,3,3,7,7,7
561,1,31000,6,5,7,6,7,7,6,5,1,3,1,2,1,1,3,1,2
562,1,30000,5,6,6,6,3,7,5,6,2,1,2,1,3,2,3,2,3
563,0,21000,1,2,2,1,2,2,1,3,2,2,3,4,3,3,2,1,2
564,1,21000,1,2,1,1,2,2,2,2,1,3,1,4,1,1,2,2,4
565,1,38000,4,4,4,4,4,5,3,6,3,5,6,7,4,7,4,2,3
566,0,20000,2,1,1,1,2,4,2,1,3,1,3,4,3,1,5,3,3
567,0,21000,2,1,3,2,2,1,2,2,2,4,5,1,2,2,2,2,3
568,1,22000,2,3,2,2,1,3,1,3,1,1,2,2,1,4,3,3,3
569,0,20000,2,1,3,1,1,1,3,3,2,2,1,2,2,3,3,1,2
570,0,20000,1,2,1,3,2,2,1,2,4,4,5,1,3,3,3,3,3
571,1,31000,6,5,5,6,7,6,7,4,2,1,1,1,1,3,3,3,2
572,1,26000,4,4,6,6,7,5,6,4,1,3,1,2,1,1,3,4,2
573,0,24000,2,3,2,3,2,2,1,2,2,1,4,1,4,2,5,3,2
574,1,18000,3,4,2,1,1,1,2,2,4,1,3,1,1,2,2,2,1
575,0,20000,1,4,1,3,1,2,3,2,2,5,1,3,2,1,1,2,2
576,0,20000,2,3,2,1,3,2,2,3,2,4,3,3,1,2,3,3,3
577,0,18000,3,1,1,1,2,1,3,3,2,2,3,1,1,1,2,2,4
578,1,32000,6,6,5,5,5,7,7,7,2,2,2,2,3,1,2,2,3
579,1,40000,3,4,5,5,3,6,4,5,5,5,6,6,5,5,3,1,4
580,1,29000,4,6,6,6,4,7,6,6,3,2,4,1,2,1,2,2,2
581,1,25000,6,6,5,7,6,5,5,6,1,1,2,1,1,2,1,3,3
582,0,21000,1,2,1,3,1,1,2,1,3,1,2,3,1,1,3,2,3
583,0,20000,5,2,2,1,2,2,1,1,2,1,2,3,2,3,2,1,1
584,1,42000,7,6,3,2,4,5,3,4,5,7,6,7,6,6,1,3,3
585,0,19000,1,2,1,1,1,1,2,2,1,4,2,4,3,1,2,3,3
586,0,19000,2,1,1,2,3,1,1,4,1,2,1,2,3,1,2,1,3
587,0,18000,3,1,1,1,1,1,3,1,2,3,2,1,1,1,3,2,1
588,1,30000,6,5,5,6,5,6,4,6,3,3,2,1,2,1,1,1,3
589,0,23000,2,2,2,2,1,1,2,2,2,2,1,2,3,2,3,3,3
590,0,18000,2,3,2,2,1,1,1,1,2,3,3,1,1,4,2,4,2
591,1,37000,4,6,5,4,4,2,5,5,5,5,6,5,7,7,2,2,2
592,0,17000,1,2,3,1,1,1,4,3,5,2,1,1,4,2,3,2,1
593,1,26000,4,6,2,5,7,6,4,4,3,3,1,2,1,2,1,2,3
594,1,45000,5,4,4,5,4,4,5,7,5,7,6,7,5,5,3,2,3
595,1,43000,4,4,3,5,4,7,6,4,6,6,6,6,6,5,2,3,3
596,0,30000,5,6,5,5,5,4,4,5,3,1,2,2,2,2,1,3,6
597,1,40000,3,5,4,4,4,3,6,6,5,5,5,5,4,7,2,1,3
598,1,42000,4,5,4,4,6,4,4,6,5,7,7,7,7,7,2,3,1
599,1,40000,3,6,3,4,5,4,4,3,5,7,7,5,5,7,2,1,1
600,0,20000,1,2,1,2,1,1,2,1,4,4,3,2,1,1,2,2,1
601,1,22000,1,1,3,2,1,2,2,2,1,1,2,3,2,2,2,2,2
602,0,22000,1,1,1,2,2,3,2,1,2,1,2,5,3,1,2,3,3
603,0,17000,1,2,1,1,2,1,2,3,1,3,3,2,2,3,4,2,2
604,0,20000,2,1,1,2,1,2,2,1,3,1,2,2,1,2,2,4,3
605,0,21000,1,1,3,1,1,2,1,1,2,2,3,1,3,4,1,2,3
606,0,20000,2,1,1,2,3,1,1,3,4,2,3,2,1,1,1,3,3
607,0,20000,1,2,1,1,2,2,2,1,2,2,3,1,1,2,5,3,2
608,0,21000,1,1,1,1,1,2,1,5,2,3,3,3,3,3,1,1,1
609,0,58000,1,2,2,1,1,2,2,2,4,7,3,5,3,2,7,7,7
610,0,60000,1,1,2,1,1,1,1,1,4,4,2,4,3,1,7,6,7
611,0,20000,1,1,2,1,1,3,1,2,1,1,3,1,5,3,3,2,2
612,0,19000,1,2,2,2,1,1,1,3,4,1,2,1,3,4,3,2,3
613,0,23000,1,1,2,1,2,2,1,3,4,1,1,3,2,3,2,2,2
614,1,42000,3,5,5,3,4,2,5,5,7,7,7,7,6,5,3,1,1
615,1,19000,4,3,2,3,2,2,1,1,1,4,2,4,1,3,3,2,3
616,0,19000,1,2,1,2,2,2,1,2,3,5,1,2,4,2,3,3,3
617,0,59000,1,1,2,1,2,2,1,1,1,4,3,4,2,2,7,6,7
618,0,21000,1,2,1,2,3,1,1,3,1,3,2,1,3,3,2,2,3
619,0,20000,1,1,1,3,1,1,2,1,1,4,2,1,1,1,5,2,3
620,0,19000,2,1,2,2,2,2,1,2,1,3,1,1,1,4,3,5,2
621,0,18000,1,3,2,1,3,2,3,2,4,2,2,3,3,2,1,3,2
622,1,39000,6,7,3,4,3,3,4,5,5,7,4,7,6,7,3,2,1
623,1,30000,5,4,5,7,6,5,4,6,2,2,3,2,2,4,2,3,6
624,1,43000,5,4,3,5,5,2,4,4,5,4,7,5,6,3,3,4,4
625,0,19000,2,2,2,1,2,3,1,1,3,1,1,3,2,2,1,2,2
626,1,31000,6,4,4,7,7,6,7,5,2,3,3,3,3,2,1,4,3
627,1,38000,3,5,5,4,5,5,5,5,6,6,7,6,7,6,4,4,3
628,1,40000,3,4,5,4,4,4,4,4,7,5,7,7,7,5,2,4,1
629,0,20000,3,3,2,1,1,3,2,3,2,3,1,1,2,2,3,3,2
630,1,40000,4,3,4,3,3,4,4,5,5,6,5,7,3,3,3,1,2
631,1,28000,5,4,5,3,7,7,6,7,1,2,1,2,3,1,1,4,1
632,0,15000,2,1,1,1,2,2,3,1,5,1,4,1,2,4,4,2,1
633,1,41000,5,6,5,2,6,5,4,4,6,4,5,7,7,5,4,4,1
634,0,20000,1,3,1,1,4,3,2,1,2,4,3,1,3,2,3,3,2
635,0,19000,1,1,2,1,1,1,1,1,1,2,2,2,1,2,1,1,1
636,0,23000,2,2,2,1,1,3,1,1,1,2,3,2,1,5,2,2,1
637,0,15000,3,1,2,2,1,2,1,2,2,3,1,4,1,1,4,4,2
638,0,18000,3,2,2,2,3,4,1,1,1,2,4,2,3,3,1,3,4
639,1,32000,5,6,7,5,6,4,6,4,2,3,1,2,1,1,2,1,2
640,0,61000,1,1,1,1,2,2,1,3,4,3,4,3,5,6,7,7,6
641,1,39000,3,3,4,4,4,2,2,5,7,6,4,5,7,6,2,3,1
642,0,62000,1,1,1,1,1,1,1,1,3,4,3,3,4,1,7,7,7
643,1,31000,5,6,5,5,6,6,5,6,2,3,2,2,1,2,3,4,1
644,0,27000,2,1,2,1,2,1,3,3,2,1,1,2,2,2,4,3,3
645,0,22000,3,1,2,2,2,3,2,4,2,1,1,2,4,1,3,2,3
646,1,25000,7,7,5,6,6,3,7,5,1,1,4,2,3,2,2,3,4
647,1,42000,3,4,5,4,3,5,5,4,7,6,4,7,7,6,2,3,2
648,1,39000,4,4,4,3,4,4,4,5,4,6,5,5,6,5,3,2,2
649,0,18000,2,2,1,1,2,2,1,2,1,1,1,2,3,1,4,3,2
650,0,20000,3,2,2,3,1,2,2,3,1,3,3,1,1,2,1,3,2
651,0,60000,3,1,1,1,1,1,1,1,1,4,3,4,3,4,7,7,7
652,0,20000,2,2,2,3,2,2,1,2,1,2,2,2,1,5,3,4,3
653,0,23000,2,1,2,4,3,2,2,1,2,2,3,2,4,2,3,2,2
654,0,58000,1,1,1,1,2,2,1,1,5,1,2,5,1,5,7,7,7
655,0,62000,1,2,1,2,1,2,3,1,4,2,4,3,5,4,7,6,7
656,1,42000,3,6,4,4,4,3,3,3,7,7,6,7,7,7,2,4,4
657,0,21000,1,2,1,1,1,3,1,2,2,1,2,2,4,2,3,2,4
658,1,33000,5,7,4,4,6,5,5,4,4,2,3,3,1,1,3,2,2
659,1,39000,4,4,5,4,6,4,4,4,7,6,7,4,6,5,2,1,2
660,1,31000,6,4,4,5,6,7,6,6,1,1,4,1,2,2,4,3,1
661,1,43000,6,5,4,5,4,3,4,6,6,4,5,5,6,6,1,4,4
662,0,23000,2,2,1,3,2,2,2,2,2,1,1,1,3,3,2,4,2
663,1,31000,5,5,6,4,6,5,5,5,1,3,2,1,3,2,3,2,4
664,0,61000,1,1,2,1,1,2,3,1,4,3,3,5,4,3,7,7,7
665,1,31000,5,6,5,7,6,6,7,5,4,3,1,2,3,1,2,1,2
666,1,31000,6,7,5,5,4,6,4,4,2,3,3,1,4,3,2,1,4
667,1,41000,5,5,3,6,5,3,4,4,7,7,6,6,7,7,1,3,2
668,0,40000,4,2,4,4,3,4,2,4,5,5,7,4,7,7,3,1,2
669,0,18000,1,2,3,1,1,2,4,3,1,1,4,3,3,4,3,1,2
670,0,62000,1,2,2,1,3,1,2,2,3,2,3,4,3,2,7,7,6
671,0,56000,1,2,2,3,2,1,2,1,3,1,1,4,4,4,7,7,7
672,0,20000,1,1,1,2,1,1,3,1,1,3,4,1,3,4,1,1,4
673,1,40000,3,4,5,6,4,4,4,3,6,6,6,7,6,5,1,3,5
674,0,18000,1,2,3,2,2,3,2,2,2,3,1,2,3,3,3,2,4
675,1,29000,7,6,7,5,5,6,5,5,2,3,4,3,3,1,5,3,3
676,0,23000,3,3,2,2,2,2,1,1,3,1,2,1,2,2,2,4,4
677,1,33000,3,6,3,6,4,6,4,6,3,1,2,2,2,3,3,3,1
678,0,23000,5,2,3,1,2,2,1,1,2,2,3,2,1,2,3,2,2
679,0,19000,1,2,1,2,2,1,1,1,1,2,4,3,2,4,2,3,1
680,1,41000,4,5,5,7,4,6,5,1,6,5,6,5,7,4,4,1,2
681,1,30000,4,3,5,4,7,6,6,6,3,5,1,4,1,2,2,3,5
682,0,16000,1,2,3,3,1,1,1,1,3,4,5,2,3,2,3,2,2
683,0,39000,2,3,6,4,5,5,6,3,6,5,5,4,6,7,6,2,2
684,0,22000,2,1,1,2,2,1,4,2,3,1,1,3,4,2,3,4,3
685,0,19000,2,1,1,1,1,1,1,1,4,4,3,4,2,2,3,2,2
686,1,32000,5,6,6,7,5,4,3,7,1,1,2,3,2,1,3,1,3
687,1,37000,5,5,3,4,2,5,4,4,4,6,6,6,7,5,2,4,4
688,1,28000,4,4,5,5,5,6,5,6,1,3,3,1,3,3,2,2,1
689,0,57000,2,1,2,2,1,2,1,1,2,3,2,5,4,3,7,7,7
690,1,27000,4,4,5,4,6,4,6,4,1,5,2,1,1,1,3,3,2
691,0,21000,1,2,3,1,1,1,3,1,2,1,1,2,4,1,3,1,2
692,1,26000,6,5,4,4,5,5,7,5,3,2,2,1,3,1,3,4,2
693,0,21000,3,1,1,1,1,3,3,2,1,2,2,4,2,2,4,1,3
694,0,60000,1,2,2,2,1,1,1,1,4,5,1,4,4,4,7,7,7
695,0,21000,1,2,1,2,1,1,1,1,1,1,2,1,3,3,3,2,3
696,1,40000,4,4,7,3,3,4,5,1,7,5,6,7,7,7,2,3,3
697,1,33000,6,7,5,7,5,5,3,5,3,2,1,1,2,2,5,1,2
698,1,29000,5,5,5,4,6,7,5,5,2,3,1,2,1,2,4,3,2
699,1,31000,5,6,5,5,6,7,5,5,3,1,4,1,2,3,1,3,3
700,0,20000,2,2,3,2,1,2,1,2,2,1,1,2,3,2,1,3,5
701,0,21000,1,1,2,1,1,2,1,1,2,3,2,2,1,2,2,2,2
702,1,30000,5,5,4,5,5,4,3,5,1,4,2,4,2,3,2,1,3
703,1,43000,3,5,4,6,5,4,5,3,5,6,6,6,7,4,1,3,2
704,0,21000,2,1,1,2,1,2,2,1,3,1,3,3,3,1,1,3,1
705,1,28000,5,7,5,6,6,7,6,4,2,3,5,2,2,3,3,2,2
706,0,19000,1,2,1,2,2,2,2,2,1,2,2,1,2,3,3,1,3
707,0,19000,2,3,2,2,2,2,3,2,2,2,1,1,1,6,3,1,3
708,0,23000,2,1,2,1,2,2,2,1,4,3,1,2,2,2,3,3,1
709,0,22000,1,3,2,1,1,1,1,1,3,2,5,1,1,2,1,4,2
710,1,31000,6,7,4,5,5,5,7,6,1,4,1,3,3,1,4,3,2
711,1,40000,5,4,5,4,7,4,3,5,3,6,7,7,7,5,1,3,3
712,0,21000,2,2,4,2,1,2,2,2,1,3,1,1,2,4,3,5,3
713,0,20000,1,1,2,1,1,1,1,4,2,1,1,3,2,1,3,3,3
714,0,21000,1,1,3,1,1,2,2,2,2,2,3,3,2,1,1,1,2
715,0,21000,1,2,2,1,3,3,2,2,1,3,1,2,1,1,1,3,2
716,1,23000,1,1,1,1,1,4,1,1,1,1,1,3,3,1,1,3,2
717,0,61000,1,1,1,1,1,1,1,1,4,4,3,4,5,3,7,7,7
718,0,18000,1,1,3,1,2,1,1,2,3,2,2,2,2,1,2,4,1
719,0,59000,1,1,1,1,1,2,1,1,4,4,2,1,2,4,6,6,7
720,1,31000,6,5,6,5,4,7,5,6,1,3,2,3,3,3,1,1,3
721,1,42000,7,4,5,3,4,5,4,4,5,7,7,6,6,5,4,1,1
722,0,59000,3,3,1,2,1,2,2,1,4,6,4,4,4,4,7,7,6
723,0,17000,2,1,4,2,3,3,2,1,2,1,2,3,1,1,3,3,1
724,0,22000,1,1,2,2,3,2,2,2,3,3,1,1,3,3,3,2,2
725,0,20000,2,3,2,1,3,3,1,1,2,3,1,1,2,4,2,2,3
726,1,41000,7,4,4,4,4,5,5,4,5,7,5,3,7,6,2,3,2
727,1,30000,3,3,6,5,4,4,6,4,1,2,1,2,3,1,1,2,3
728,1,31000,7,5,6,6,6,3,4,6,2,2,3,2,2,4,3,3,2
729,0,19000,1,1,1,3,1,1,3,1,2,4,6,2,2,1,2,3,4
730,0,24000,1,2,1,3,3,2,1,1,3,5,4,2,3,1,2,2,4
731,1,20000,2,1,3,2,1,1,1,2,5,4,3,3,1,1,2,4,1
732,1,41000,4,4,3,3,7,5,6,4,5,7,6,7,7,5,3,1,3
733,0,62000,1,2,1,1,1,1,1,1,4,4,1,3,6,5,7,7,7
734,0,22000,1,1,1,2,1,2,1,1,1,4,3,1,3,3,2,2,3
735,0,20000,1,3,2,2,1,3,2,3,3,4,2,6,3,3,3,3,2
736,1,42000,4,4,3,5,1,4,4,4,6,3,7,6,5,6,2,1,2
737,1,41000,6,3,4,3,3,4,6,5,6,5,6,6,3,7,3,3,1
738,1,28000,7,5,6,7,6,6,7,4,1,3,1,2,3,2,2,3,2
739,0,18000,1,3,1,2,2,2,1,1,4,2,2,2,3,3,1,1,4
740,0,22000,2,2,2,2,1,2,1,1,1,3,1,6,2,3,3,1,4
741,1,30000,5,6,5,5,3,5,6,6,1,3,3,1,1,3,3,1,3
742,0,20000,2,1,1,1,3,1,4,1,2,2,2,1,1,1,2,3,2
743,1,42000,5,4,6,4,5,5,5,4,6,6,6,6,5,5,3,2,3
744,1,33000,7,5,6,6,5,7,4,6,2,2,3,2,1,4,1,2,4
745,1,31000,4,6,6,4,6,3,7,5,2,1,2,2,1,3,1,3,2
746,1,28000,6,4,5,5,4,5,5,3,5,3,1,3,1,4,3,3,1
747,0,18000,1,2,1,1,3,1,1,1,3,3,1,1,2,2,2,3,2
748,0,60000,2,1,1,2,2,1,1,1,5,4,2,4,2,5,7,7,6
749,1,30000,5,6,6,5,6,5,6,6,1,1,3,2,3,1,5,3,4
750,0,25000,1,1,2,2,3,1,1,2,2,2,3,1,2,3,3,1,1
751,0,21000,1,1,1,3,2,3,1,3,2,2,2,1,4,2,3,4,2
752,1,26000,6,4,6,5,4,6,6,6,3,1,2,3,3,3,2,4,3
753,0,57000,1,1,2,1,3,1,2,1,3,2,6,4,4,5,7,7,7
754,1,26000,6,5,5,3,4,6,4,5,3,2,6,1,3,1,3,3,4
755,1,29000,7,4,5,3,4,5,5,6,1,5,2,1,1,4,3,3,2
756,1,39000,5,5,5,4,6,3,4,3,6,5,7,5,6,7,1,3,2
757,0,16000,2,3,3,1,3,2,1,1,1,3,3,3,2,1,3,2,5
758,0,17000,1,1,1,1,1,1,1,3,1,2,1,4,3,1,2,1,4
759,1,31000,6,7,6,5,6,5,5,5,3,1,2,1,2,3,1,1,1
760,0,21000,1,2,1,2,3,1,1,2,3,3,1,2,3,4,2,2,3
761,1,42000,4,3,5,6,6,3,5,6,7,6,7,6,6,7,2,2,3
762,0,59000,1,1,2,1,2,1,1,1,4,3,4,3,5,5,7,7,7
763,1,32000,6,7,7,6,4,7,4,5,1,3,1,2,4,1,1,2,3
764,0,20000,1,1,1,1,3,1,3,2,3,2,3,2,1,1,1,1,1
765,1,20000,2,1,2,3,2,3,1,1,1,3,3,4,4,2,1,1,1
766,0,18000,2,2,2,3,2,4,4,1,1,1,2,2,2,1,3,2,3
767,1,20000,2,2,3,4,1,4,1,3,3,2,2,1,3,4,1,3,2
768,0,19000,3,2,2,2,1,1,2,3,3,1,3,3,1,1,1,3,2
769,1,30000,4,5,4,6,6,5,6,7,2,2,3,3,2,2,3,1,3
770,0,18000,2,3,3,1,3,2,3,2,1,1,1,3,1,2,4,2,3
771,1,33000,4,6,7,4,5,7,5,4,3,2,3,1,3,1,3,2,3
772,0,19000,1,1,3,2,1,3,1,2,3,3,2,2,1,3,2,3,3
773,1,20000,2,3,2,1,4,1,1,2,1,2,2,3,4,2,1,1,2
774,0,21000,1,2,2,2,2,2,1,1,2,3,2,1,1,1,3,3,2
775,1,40000,4,5,4,5,4,5,3,3,7,4,3,7,5,4,1,3,1
776,0,20000,1,2,1,1,3,3,1,1,2,1,2,1,5,3,1,4,3
777,1,40000,5,7,5,4,5,5,5,3,5,6,6,6,7,5,2,1,4
778,1,41000,3,5,5,6,5,3,5,4,6,5,7,6,6,6,1,4,2
779,1,30000,7,6,6,6,6,5,5,7,4,1,3,1,2,5,3,3,4
780,1,43000,5,3,5,4,3,5,6,5,7,7,6,7,5,5,3,5,3
781,0,21000,2,2,1,3,4,1,1,2,3,2,1,2,1,2,3,3,3
782,1,30000,3,4,4,7,4,5,6,4,3,1,3,4,1,2,3,3,2
783,0,22000,1,2,1,1,2,2,2,3,2,1,2,4,4,1,4,3,3
784,0,62000,1,4,3,4,2,1,2,1,2,4,1,3,4,1,7,7,7
785,1,20000,2,1,2,2,1,2,1,2,1,4,2,1,1,1,1,2,1
786,1,31000,7,4,6,7,6,5,5,5,2,3,2,4,3,3,2,1,3
787,0,22000,1,2,2,2,1,3,1,3,2,3,2,4,1,1,1,3,2
788,1,26000,7,7,6,6,6,6,7,6,3,1,1,1,3,3,3,2,4
789,1,28000,7,6,6,5,6,5,6,4,2,3,1,1,3,2,4,1,2
790,0,62000,1,1,1,1,2,1,1,1,2,4,4,3,3,5,7,7,7
791,1,40000,5,5,3,3,4,3,3,3,5,5,5,7,2,4,3,3,3
792,0,18000,3,1,3,2,3,1,2,2,2,2,1,1,2,3,2,3,2
793,1,29000,4,5,6,6,6,5,6,4,1,1,1,1,1,1,2,2,1
794,0,22000,2,2,2,1,3,1,2,1,3,1,1,1,4,1,2,3,1
795,0,58000,1,2,2,1,3,3,3,1,6,1,4,4,4,2,7,7,7
796,0,38000,4,4,4,2,3,4,3,5,7,7,6,6,5,4,1,1,3
797,1,20000,1,1,3,4,3,2,1,2,3,2,2,1,1,3,2,3,4
798,0,57000,2,1,1,1,1,1,1,2,2,2,3,6,2,4,7,7,7
799,1,43000,4,4,6,4,3,4,5,5,5,7,7,6,7,5,5,2,1
800,1,17000,2,2,1,2,1,2,3,2,3,2,2,1,2,1,2,3,1
801,1,41000,4,4,4,4,5,4,4,4,5,6,7,6,4,7,5,4,1
802,1,30000,5,6,6,6,5,6,6,5,1,1,3,3,3,3,3,1,4
803,1,38000,6,2,5,4,3,3,5,5,7,4,5,5,5,6,3,2,2
804,0,20000,1,1,1,2,2,3,4,2,2,2,1,4,1,2,3,2,3
805,0,16000,2,1,2,2,1,1,1,3,2,1,3,2,3,3,2,4,2
806,1,40000,5,5,3,5,7,6,4,4,7,6,7,4,4,5,2,1,1
807,1,38000,5,5,3,4,6,4,4,3,5,4,6,7,7,6,3,3,2
808,1,40000,5,5,4,4,3,4,3,5,6,7,7,7,6,7,4,2,1
809,0,19000,2,2,1,1,2,2,2,1,2,1,3,3,2,1,2,2,3
810,1,41000,6,5,4,4,3,4,3,3,4,7,7,5,5,7,3,3,2
811,0,21000,3,2,1,2,1,2,2,2,2,1,3,1,1,2,3,2,3
812,0,17000,2,3,1,4,1,1,1,1,1,1,1,1,4,7,2,3,4
813,1,28000,6,5,5,6,4,4,4,4,4,1,1,3,3,3,2,3,1
814,0,58000,1,2,1,1,3,1,1,1,3,2,2,5,4,4,7,7,7
815,0,25000,2,2,1,1,1,1,1,1,1,3,2,1,3,3,1,3,1
816,0,14000,2,2,2,3,1,1,1,3,3,4,1,3,3,1,3,5,1
817,0,20000,1,3,1,2,1,1,1,1,4,3,3,2,1,1,3,1,3
818,0,57000,4,1,2,1,1,2,1,1,5,1,4,4,3,3,7,7,5
819,0,19000,4,1,2,2,4,1,1,1,4,3,2,2,3,3,3,3,2
820,0,18000,1,1,1,2,2,1,2,3,3,3,2,2,4,2,2,3,1
821,0,60000,2,3,1,1,1,2,3,1,3,1,3,4,3,4,7,7,7
822,1,29000,6,5,5,5,4,4,6,6,3,5,3,2,1,3,3,2,2
823,0,20000,2,1,1,1,3,2,1,2,1,2,2,1,3,2,4,5,3
824,0,60000,2,1,1,1,3,1,2,1,2,4,4,5,3,4,7,7,7